Company,"City, State",Address,Website,Tech Stack
10UP,,,https://10up.com,
9th Way,,,,
"Accounting Seeds, Inc",,,,
AECOM,,,,
AGA,,,,
agencyQ,,,,
AINS,,,,
Amazon,,,,
Amazon,,,,
Amazon,,,,
American Institute of Research,,,,
ASRC Federal,,,,
B.F. Saul,"Bethesda, MD",,,
Bethesda Studios,,,,
Blue Raster,"Reston, Va",,,
Boeing,,,,
Boeing,,,,
Booz Allen,,,,
Capital One,,,,
Catalist,,,,
Cengage,,,,
CIA,,,,
Columbus Technologies and Services,,,,
Commit Enterprises,,,,
Connect for Education,,,,
Creative Circle,,,,
CyberCoders,,,,
Dhatronictech,,,,
Dynamic Animcation Systems,,,,
Echostar,,,,
"Essential Software, INC",,,,
Ettain Group,,,,
"Fairfield Technologies, Inc",,,,
FBI,,,,
Fidelis Security,,,,
Formstack,,,,
Henry Jackson Research Foundation,,,,
Hexaware Technologies,,,,
Hobsons,,,,
Ignite Mental Health,,,,
IHS Markit,,,,
IMS,,,,
Industry Drive,,,,
Intelligent Automation,,,,
John Hopkins APL,,,,
KEYW Corporation,,,,
L3,,,,
Leidos,,,,
Lockhead Martin,,,,
MagView,,,,
Micro Focus,,,,
MRP,,,,
Northrop Grumman,,,,
NSA,,,,
Quorum,,,,
Raytheon,,,,
Revature,,,,
Rize,,,,
Robotic Research LLC,,,,
SAIC,,,,
Social & Scientific Systems (SSS),,,,
Sprint,,,,
Symplicity Corporation,,,,
TDI,,,,
Texas Instruments,,,,
Vectorworks,,,,
Verizon,,,,
Viasat,,,,
Vostrom,,,,
Washington Post,,,,
Westat,,,,
Workbridge,,,,
Yext,,,,
Zachary Piper Solutions,,,,
CleanChoice Energy,,,https://cleanchoiceenergy.com/,
Arcadia Power,,,https://www.arcadiapower.com/,
AtSite,,,http://www.atsiteinc.com/,
C-Quest Capital,,,https://cquestcapital.com/,
Sparkmeter,,,http://www.sparkmeter.io/,
Zerocycle,,,http://www.zerocycle.co/#home,
Distributed Sun,,,http://distributedsun.com/,
Upside Services,,,https://www.upside-services.com/,
Spark Community Investment,,,https://www.sparkfund.co/,
Common Securitization Solutions,"Bethesda, MD",,,
Executive Decisions,"Bethesda, MD",,,
Medical Science & Computing,"Bethesda, MD",,,
Lynker Technologies,"Silver Spring, MD",,,
Advanced Technology and Research Corporation,"Bethesda, MD",,,
Quotient Inc,"Bethesda, MD",,,
"Coder Kids, Inc","Bethesda, MD",,,
Wells + Associates,"Silver Spring, MD",,https://www.wellsandassociates.com,
Mechant Link,"Silver Spring, MD",,,
Chenega Corporation,"Bethesda, MD",,,
ManTech International Corporation,"Bethesda, MD",,,
Conlan Scientific,"Bethesda, MD",,,
"Futrend Technology, Inc","Bethesda, MD",,,
Integrated Systems Solutions,"Silver Spring, MD",,,
"Xometry, Inc","Bethesda, MD",,,
Salsa Labs,"Bethesda, MD",,,
"RCG, Inc","Silver Spring, MD",,,
Radiant Digital,"Bethesda, MD",,,
Perspecta,"Bethesda, MD",,,
Ad Astra Inc.,"Silver Spring, MD",,,
Jobspring Partners,"Bethesda, MD",,,
Centuria Corporation,"Silver Spring, MD",,,
RKF Engineering,"Bethesda, MD",,,
Global Technologies & Strategic Marketing,"Chevy Chase, MD",,,
Staffing the Universe,"Bethesda, MD",,,
Unissant,"Bethesda, MD",,,
InstantServe LLC,"Bethesda, MD",,,
MindX,"Bethesda, MD",,,
US Department of Commerce,"Silver Spring, MD",,,
Econometrica Inc,"Bethesda, MD",,,
Technology Ventures,"Bethesda, MD",,,
DSFederal Inc,"Bethesda, MD",,,
Xator Coporation,"Bethesda, MD",,,
I.S. Mavens Corporation,"Bethesda, MD",,,
FedPoint Systems LLC,"Bethesda, MD",,,
General Dynamics Information Technology,"Silver Spring, MD",,,
Skill Will,"North Bethesda, MD",,,
Core One,"Bethesda, MD",,,
Amdex Corporation,"Bethesda, MD",,,
Palladian Partners,"Silver Spring, MD",,,
NET ESolutions Corporation,"Bethesda, MD",,,
Redjack,"Silver Spring, MD",,,
CACI,"Bethesda, MD",,,